{"schemaVersion":"1.0","appDefinitionTemplate":{"id":"/providers/Microsoft.PowerApps/apps/","type":"Microsoft.PowerApps/apps","tags":{"primaryDeviceWidth":"1366","primaryDeviceHeight":"768","supportsPortrait":"true","supportsLandscape":"true","primaryFormFactor":"Tablet","publisherVersion":"3.22094.17","minimumRequiredApiVersion":"2.2.0","hasComponent":"false","hasUnlockedComponent":"false","isUnifiedRootApp":"false","sienaVersion":"20221010T122227Z-3.22094.17.0"},"properties":{"appVersion":"2022-10-10T12:22:27Z","lifeCycleId":"Published","createdByClientVersion":{"major":3,"minor":22094,"build":17,"revision":0,"majorRevision":0,"minorRevision":0},"minClientVersion":{"major":3,"minor":22094,"build":17,"revision":0,"majorRevision":0,"minorRevision":0},"backgroundColor":"white","backgroundImageUri":"/10229251623366576221/N7c91e843-b388-449a-b0da-7b886f398ca4-logoSmallFile","displayName":"Student reg","description":"","commitMessage":"","appUris":{"documentUri":{"value":"/10229251623366576221/N48c5227f-a926-416f-930b-e42aa75bb33b-document.msapp"},"imageUris":[],"additionalUris":[]},"createdTime":"0001-01-01T00:00:00Z","lastModifiedTime":"0001-01-01T00:00:00Z","sharedGroupsCount":0,"sharedUsersCount":0,"icons":{"smallIconUri":"/10229251623366576221/Ne72f8c17-7338-4110-9640-aa858d63c274-small.png","mediumIconUri":"/10229251623366576221/Ne78cdb35-ff5b-4cf3-97a4-fb695ac258f7-medium.png","largeIconUri":"/10229251623366576221/Nede2e892-2819-4741-9b5b-53930cf8e401-large.png","wideIconUri":"/10229251623366576221/N35199018-dc10-4bba-af69-5a81556912d1-wide.png"},"connectionReferences":{"4d3cd0fa-e81e-48c3-88da-ee777c1ea9be":{"id":"6e9ae718-820f-47cd-9d40-738aa0e099f2","displayName":"SharePoint","iconUri":"https://connectoricons-prod.azureedge.net/releases/v1.0.1591/1.0.1591.2961/sharepointonline/icon.png","dataSources":["Students"],"dependencies":[],"dependents":[],"parameterHints":{},"parameterHintsV2":{},"isOnPremiseConnection":false,"dataSets":{"https://vihc.sharepoint.com/sites/CourseCatalogue":{"dataSources":{"Students":{"tableName":"cee0756a-7157-4cf6-b046-169e4aa0312c"}}}},"apiTier":"Standard","isCustomApiConnection":false,"actions":["providers/PowerPlatform.Governance/Operations/Read","providers/PowerPlatform.Governance/Operations/Write"]}},"databaseReferences":{},"almMode":"Environment","performanceOptimizationEnabled":true,"canConsumeAppPass":true,"enableModernRuntimeMode":false,"executionRestrictions":{"isTeamsOnly":false,"dataLossPreventionEvaluationResult":{"status":"Compliant","lastEvaluationDate":"2022-10-10T12:22:44.8952196Z","violations":[],"violationsByPolicy":[],"violationErrorMessage":"The app uses the following connectors: shared_sharepointonline."}}},"appType":"ClassicCanvasApp","appComponents":[]}}